name,lastname
Wayne,Reyes
Todd,Wilkinson
Jeffrey,Eaton
Diane,Lindsey
Tina,Carson
Kenneth,Mendez
Jennifer,Brown
Mark,Gonzalez
Samantha,Robinson
Jennifer,Goodman
Deborah,Dawson
Brandon,Norris
Timothy,Watkins
David,Martin
Christian,Gonzalez
Randy,Perkins
Kelly,Blake
Eric,Martin
Erica,Barron
Tiffany,Brown
Joseph,Baker
Jasmine,Jackson
Christine,Johnson
Erica,Holloway
Kyle,Mckay
Claire,Fisher
Matthew,Ryan
Monica,Watkins
Elizabeth,Henderson
Peter,Nguyen
Paige,Neal
Helen,Arias
Amanda,Brooks
Krista,Fox
Erik,Frank
Madison,Harrison
Carmen,Harper
Nicholas,Coffey
Jamie,Hayes
Courtney,Ramirez
Crystal,Bryan
Anthony,Jenkins
Veronica,Lewis
Timothy,Williams
Parker,Juarez
Madison,Stone
Benjamin,Wilson
Lisa,Ferrell
Nancy,Sherman
Jared,Moore
Christine,Zimmerman
Wendy,Walsh
Kevin,Johnson
Brandon,Hall
William,Mcdonald
Cameron,Gray
Michael,Gardner
Crystal,Porter
Courtney,Fernandez
Connor,Martin
David,Robinson
Lisa,Webb
John,Johnson
Abigail,Koch
Jeremy,Fisher
Bradley,Harris
Thomas,Contreras
Ruth,Snyder
Carolyn,Rodriguez
Julie,Farrell
Austin,White
Robert,Alexander
Michael,Robertson
Tamara,Andrews
John,Lopez
Johnny,Miller
Shannon,Fleming
Jerry,Craig
Paul,Gardner
Lisa,Holmes
Mary,Montgomery
Rodney,House
Traci,Medina
George,Booker
Patrick,King
Brittany,Parks
Lauren,Jones
Megan,White
Christian,Miller
Jennifer,Thomas
Jacob,Carter
Aaron,Alexander
Jeffrey,Johnson
Amanda,Patrick
Richard,Fleming
Rhonda,Anderson
William,Hall
John,Wilson
Richard,Greene
Catherine,Taylor
Sheila,Holden
Steven,Jennings
Brenda,Villarreal
William,Bradley
Kevin,Jones
John,Christian
Zachary,Mills
Rebecca,Rodriguez
Karen,Duncan
Michelle,Wilson
Christopher,Smith
Peggy,Harris
Tyler,Jackson
Joshua,Mendoza
Tracy,Norris
Melanie,Meyers
Krystal,Wyatt
Roberta,Potter
Michael,Alvarez
Steven,Butler
Christina,Gray
Barbara,Tucker
Alejandro,Underwood
Michael,Norton
Andrew,Mitchell
Austin,Pierce
Patricia,Galvan
Tommy,Carter
Rachael,Flores
Benjamin,Boyd
Ann,Savage
Kenneth,Perry
John,Malone
Jason,Rivera
Nicholas,Smith
Haley,Pitts
Adrian,Turner
Steven,Morris
Dakota,Price
Rita,Hansen
Kelly,Zimmerman
Gwendolyn,Munoz
Kristin,Jackson
Angela,Sanchez
Tanya,Smith
Lindsey,Richardson
Dana,Moses
Molly,Moss
Donald,Horton
Toni,Lewis
Curtis,Mills
Monica,Mckinney
Kimberly,Gaines
Danielle,Bowman
Amy,Sharp
Sarah,Juarez
Arthur,Walker
Cameron,King
Angelica,Jones
Sean,Kent
Amy,Perez
Janet,Logan
Daniel,Gray
Elizabeth,Davis
Christopher,Ho
Anna,Davidson
Veronica,Jenkins
Kenneth,Brady
Raymond,Hancock
Regina,Garner
Rick,Davenport
Marvin,Frederick
Taylor,Spence
Michaela,Valenzuela
Katie,Fisher
Bradley,Dickerson
James,Miller
Rose,Martinez
Chad,Wyatt
Renee,Stanley
Tiffany,Hooper
Heather,Garza
Anthony,Pena
Susan,Walker
Donna,Carpenter
Rachel,Flores
Heather,Frederick
John,Byrd
Gary,Manning
Jason,Fowler
Peter,Chavez
Crystal,Wilkins
Joe,Hooper
Amanda,Wagner
James,Taylor
Robert,Fleming
William,Ramirez
Kelsey,Mayer
Brett,Montgomery
Sean,Burnett
Gina,Murray
Tonya,Montoya
Mark,Gates
Angela,Flores
Brandon,Cline
Ashley,Beck
Melissa,Ortiz
Matthew,Davies
Lee,Stevenson
Joshua,Daniel
Erika,Jordan
Matthew,Ball
Nicole,Williamson
Laura,Montoya
Tracey,Berry
John,Hoffman
Adam,Arias
Lori,Schroeder
Karen,Savage
Glenda,Phillips
Elizabeth,Green
Jerry,Martin
Michael,Parks
Mark,Scott
Darryl,Wilson
Mackenzie,King
Taylor,Garrett
Matthew,Ochoa
Benjamin,Ingram
Leslie,Johnson
Jennifer,Anderson
Chad,Wilson
Anne,Salinas
Bianca,Morgan
Jean,Stewart
Norman,Martin
Amy,Moore
Angela,Walker
Michael,Anderson
Heather,Fowler
Colleen,Lopez
Justin,James
James,Mooney
David,Richards
Kelly,Briggs
Kevin,Boone
Terry,Ward
Angela,Walton
Victor,Cole
Joshua,Graham
Kathryn,Obrien
Bryan,Williams
Ashley,Walker
Christy,Smith
Sharon,Calderon
Amy,Oconnor
Sarah,Ibarra
David,Nichols
James,Johnson
Noah,Haynes
Carla,Martinez
Danielle,Burton
George,Jones
John,Reed
Joshua,Garcia
Sarah,Patrick
Jessica,Anderson
Shelly,Garner
Tiffany,Jones
Derek,Jacobs
Alicia,Hickman
Joe,Cook
Nicole,Terrell
April,Hamilton
Brittany,Pierce
Brandon,Wilson
Sandra,Andersen
Joshua,Richardson
William,Mason
Amanda,Owens
Joshua,Lucas
Shane,Jordan
Michael,Davis
Karen,Neal
Hunter,Baxter
Jenny,Schroeder
Paul,Jacobson
Susan,Hernandez
Bonnie,Clark
Kristin,Jones
David,Harding
George,Hernandez
Mike,Short
Michael,Mckinney
Jessica,Branch
Anna,Woodward
Brett,Hamilton
Corey,Bennett
Monica,Potter
Patricia,Arnold
James,Wright
George,Lawson
Elizabeth,Gray
Jason,Dillon
Glenn,Lyons
Jason,Moss
Crystal,Liu
Albert,Patel
Brett,Bush
John,Garcia
Nicole,Harris
Christina,Deleon
Tony,Lynch
Tiffany,Clark
Jason,Hernandez
Jermaine,Rogers
Joshua,Powers
Brianna,Medina
Melissa,Garza
Jennifer,Villarreal
Michael,Wheeler
Christie,Marshall
Jennifer,Rowe
Michael,Patel
Tyler,Soto
Zachary,West
Colleen,Lowery
Heather,Webb
Jason,White
Ashley,Rios
Johnny,Mendoza
Steven,Flores
Dave,Turner
Jacob,Robles
Laura,Perkins
Lauren,Garcia
Kevin,Brown
Tiffany,Norris
Wyatt,Taylor
Stephen,Higgins
Christine,Tate
Tracy,Zimmerman
Erik,Davis
Steven,Diaz
Randall,Parker
Lisa,Richards
Monica,Martin
James,Cooper
Thomas,Burns
Susan,James
Matthew,Lin
Cassandra,Phillips
Daniel,Anderson
Kimberly,Gray
Cassandra,Dean
Nicole,Ritter
Jennifer,Nguyen
Robert,Atkins
Julie,Morrison
Michael,Barnes
Darlene,Martin
Deanna,Carpenter
Michael,Ruiz
Paige,Ayala
Victoria,Davidson
Paula,Davis
Jacob,Bennett
Terri,Valenzuela
Heather,Johnson
Tyler,Bailey
Christopher,Smith
Yolanda,Mullen
Kevin,Byrd
Elizabeth,Ward
Janet,Chapman
Melissa,Lopez
Lee,Smith
Joe,Hale
Alexandra,Ward
Rodney,Spencer
Patrick,Peters
Colleen,Wilson
David,Williams
William,Montgomery
Jacqueline,Sims
Jonathan,Haynes
Joseph,Wood
Ian,Valentine
Juan,Lane
George,Morales
Shane,Morris
David,Long
Susan,Larson
Kevin,Sanchez
Michele,Spencer
Karen,Taylor
Shannon,Scott
Sandy,Haley
Betty,Hunt
Kristine,Scott
Kenneth,Bentley
Keith,Humphrey
Amanda,Barnes
Sara,Savage
Daniel,Guerrero
Tammy,Sanchez
Robert,Chavez
Christopher,Hoffman
Jeffrey,Williams
Courtney,Gutierrez
Joshua,Castillo
Elizabeth,Davis
Kimberly,Wood
Chloe,Guerra
Michael,Summers
Alicia,Perry
Melissa,Rodriguez
Kelly,Brown
Gina,Chapman
Julian,Floyd
Steven,Garcia
Thomas,Mullins
Samuel,Johnson
Nicholas,Mendoza
Laura,Fields
Marc,Lindsey
Louis,Garcia
Paul,Bishop
Jennifer,Simmons
Rodney,Willis
Raven,Montgomery
Renee,Gomez
Harold,Fleming
Michael,Maddox
Joshua,Meyers
Teresa,Oliver
Connie,Wilson
Valerie,Thompson
Matthew,Jones
Gregory,Williams
James,Castro
Sara,Harris
Patrick,Campbell
Kevin,Pena
Charles,Hamilton
Gina,Mills
Melissa,Coleman
Lauren,Bowers
Dennis,Carr
Kevin,Hughes
Jamie,Roberts
Charlotte,Greene
Wesley,Robbins
Gregory,Payne
Charles,Moyer
Brittany,Mccormick
Gary,Ward
Joseph,Anderson
James,Steele
Carla,Chapman
Robert,Smith
Kelly,Thompson
Craig,Lopez
Richard,Morris
Destiny,Mendoza
Julia,Bryan
Andrea,Clark
James,Lee
Rachel,Miller
Jacqueline,Gutierrez
Stephanie,Harris
Edwin,Rodriguez
Emily,Alvarez
Amy,Torres
Molly,Barnett
Trevor,Gonzales
Megan,Gibson
Shannon,Barnes
Karen,Martinez
Amy,Gross
Michael,Reed
Henry,Turner
Ronald,Juarez
Kevin,Burgess
Julia,Hill
Rita,Calhoun
Kim,Fernandez
Maria,Clay
John,Glass
Cheryl,Taylor
Dennis,Taylor
Laura,Rodriguez
Laura,Nash
Tiffany,Davis
Scott,Parsons
Nicole,Barton
Bridget,Fitzgerald
Christopher,White
Samantha,Dixon
Amanda,Williams
Angela,Henderson
Jonathan,Buchanan
Rachel,Weber
Erika,Kennedy
Garrett,Harris
Pamela,Williams
Christy,Lopez
Scott,Chambers
Michael,Bell
Cassandra,Torres
Brian,Snow
Ronald,Yoder
Brenda,Banks
Theresa,Hale
Phillip,Ross
Christopher,White
Joshua,Rice
Katherine,Campbell
Jessica,Lawson
David,Young
Scott,Pearson
Gina,Caldwell
Dylan,Mcdonald
Troy,Brown
Jenny,Grant
Jenna,Wu
Robert,Harrison
Brandon,Solomon
Kimberly,Price
Rhonda,Franklin
Brandon,Lawrence
Nina,Hall
Melissa,Miller
Thomas,Rosario
Suzanne,Barker
Michael,Whitney
Chelsey,Green
Nicole,Williams
Bruce,Andersen
Samuel,Reed
Tracy,Andrade
Taylor,Long
Greg,Johnston
Ryan,Moore
Kimberly,Irwin
Jessica,Diaz
Eric,Wells
Jose,Martin
Dominique,Miller
Melissa,Burke
Elizabeth,Riley
Jessica,Parks
Richard,Salazar
Emily,Cook
Darrell,Barrera
Kevin,Martinez
Cory,Roy
Aaron,Martin
Paul,Hall
Kara,Krueger
Ryan,Rogers
Donald,Lloyd
Christy,Moss
Christopher,Miller
Miranda,Miller
Kenneth,Stein
Terri,Webster
Savannah,Collins
Marissa,Robertson
George,Miller
Nicole,Rose
Dennis,Nixon
Teresa,Freeman
Destiny,Knapp
Amanda,Jackson
Daniel,Dunlap
Allen,Jackson
Shawna,Adams
James,Nicholson
Richard,Hayes
Jade,Fox
Jennifer,Perry
David,Williams
Robert,Dawson
Charlotte,Montgomery
Thomas,Walton
Eric,Garza
Joanna,Mora
Sarah,Lee
Judith,Mann
Michael,Clark
Scott,Wilson
Daniel,Lewis
Kimberly,Lewis
Nathan,Willis
Dylan,James
Daniel,Smith
Ashley,Wolf
Scott,Logan
Nicholas,Blackburn
